﻿<?xml version="1.0" encoding="utf-8" ?>
<hibernate-mapping xmlns="urn:nhibernate-mapping-2.2" assembly="PolicyService" namespace="PolicyService.Domain">
  <typedef name="OfferStatus" class="NHibernate.Type.EnumStringType`1[[PolicyService.Domain.OfferStatus, PolicyService]], NHibernate" />

  <class  name="Offer" table="offers">
    <id name="Id" column="id">
      <generator class="guid.comb" />
    </id>
    <property name="Number" column="number"/>
    <property name="ProductCode" column="product_code"/>
    <component name="PolicyValidityPeriod">
      <property name="ValidFrom" column="policy_from"/>
      <property name="ValidTo" column="policy_to"/>
    </component>
    <component name="PolicyHolder">
      <property name="FirstName" column="holder_first_name"/>
      <property name="LastName" column="holder_last_name"/>
      <property name="Pesel" column="holder_pesel"/>
    </component>
    <property name="TotalPrice" column="total_price"/>
    <property name="Status" column="status"/>
    <property name="CreationDate" column="creation_date"/>
    <property name="AgentLogin" column="agent_login"/>
    <bag name="Covers" access="field.camelcase" table="offer_covers" lazy="true">
      <key>
        <column name="offer_id" />
      </key>
      <composite-element class="PolicyService.Domain.Cover, PolicyService">
        <property name="Code" column="cover_code"/>
        <property name="Price" column="price"/>
      </composite-element>
    </bag>
  </class>
</hibernate-mapping>