﻿<?xml version="1.0" encoding="utf-8" ?>
<hibernate-mapping xmlns="urn:nhibernate-mapping-2.2" assembly="PolicyService" namespace="PolicyService.Domain">
  <typedef name="PolicyStatus" class="NHibernate.Type.EnumStringType`1[[PolicyService.Domain.PolicyStatus, PolicyService]], NHibernate" />

  <class  name="Policy" table="policies">
    <id name="Id" column="id">
      <generator class="guid.comb" />
    </id>
    <property name="Number" column="number"/>
    <property name="ProductCode" column="product_code"/>
    <property name="Status" column="status" type="PolicyStatus"/>
    <property name="AgentLogin" column="agent_login"/>
    <property name="CreationDate" column="creation_date"/>
    <bag name="Versions" table="policy_versions" lazy="true" inverse="true" cascade="all-delete-orphan" access="field.camelcase">
      <key column="policy_id"/>
      <one-to-many class="PolicyVersion"/>
    </bag>
  </class>

  <class  name="PolicyVersion" table="policy_versions">
    <id name="Id" column="id">
      <generator class="guid.comb" />
    </id>
    <many-to-one name="Policy" column="policy_id" />
    <property name="VersionNumber" column="version_number"/>
    <component name="CoverPeriod">
      <property name="ValidFrom" column="cover_from"/>
      <property name="ValidTo" column="cover_to"/>
    </component>
    <component name="VersionValidityPeriod">
      <property name="ValidFrom" column="valid_from"/>
      <property name="ValidTo" column="valid_to"/>
    </component>
    <component name="PolicyHolder">
      <property name="FirstName" column="holder_first_name"/>
      <property name="LastName" column="holder_last_name"/>
      <property name="Pesel" column="holder_tax_id"/>
      <component name="Address">
        <property name="Country" column="holder_country"/>
        <property name="ZipCode" column="holder_zip_code"/>
        <property name="City" column="holder_city"/>
        <property name="Street" column="street"/>
      </component>
    </component>
    <property name="TotalPremiumAmount" column="total_premium"/>
    <bag name="Covers" access="field.camelcase" table="policy_covers" lazy="true">
      <key>
        <column name="policy_version_id" />
      </key>
      <composite-element class="PolicyService.Domain.PolicyCover, PolicyService">
        <property name="Code" column="cover_code"/>
        <property name="Premium" column="premium"/>
        <nested-composite-element name="CoverPeriod" class="PolicyService.Domain.ValidityPeriod, PolicyService">
          <property name="ValidFrom" column="valid_from"/>
          <property name="ValidTo" column="valid_to"/>
        </nested-composite-element>
      </composite-element>
    </bag>
  </class>
</hibernate-mapping>